{
  "scenario_name": "uncompiled_baseline",
  "use_compiled": false,
  "start_time": "2025-10-12T00:20:52.253715",
  "duration_minutes": 5.007302566666667,
  "tick_count": 147,
  "observation_count": 0,
  "reflection_count": 0,
  "agents": [
    {
      "id": 1,
      "name": "Alice",
      "final_position": {
        "x": 640.7847831942042,
        "y": 296.36536904761266
      },
      "memory_count": 0,
      "reflection_sum": 0.0
    },
    {
      "id": 2,
      "name": "Bob",
      "final_position": {
        "x": 312.1952635416291,
        "y": 450.88669810998965
      },
      "memory_count": 0,
      "reflection_sum": 0.0
    },
    {
      "id": 3,
      "name": "Carol",
      "final_position": {
        "x": 215.25143467313802,
        "y": 106.20093583580257
      },
      "memory_count": 0,
      "reflection_sum": 0.0
    }
  ],
  "latency": {}
}